{"loss": 1.6690187811851502, "epoch": 3, "distill_steps": 200, "poster_version": 0, "grad_norm": 0.012089060619473457, "train_acc": 10.0, "train_acc_full": 10.0, "test_acc": 10.0, "curr": 79, "_timestamp": 1740403892.6138482, "_runtime": 610.6912503242493, "_step": 3, "inverse_zca_poster": {"_type": "image-file", "sha256": "89a5d7e8a912638ee69730c4e0d2a35972f5f19d8ee6c0a79a29dfcce4234213", "size": 18658, "path": "media/images/inverse_zca_poster_3_89a5d7e8a912638ee697.png", "format": "png", "width": 153, "height": 60}, "distilled_poster": {"_type": "image-file", "sha256": "db12a9d109aab7b9af231eb996a512eefe8da6b094c90d0c96804d651df85c78", "size": 24385, "path": "media/images/distilled_poster_3_db12a9d109aab7b9af23.png", "format": "png", "width": 153, "height": 60}}