{"loss": 0.28032432198524476, "epoch": 1, "distill_steps": 100, "grad_norm": 0.004708996042609215, "train_acc": 30.77325, "train_acc_full": 30.77325, "test_acc": 30.516250000000003, "curr": 91, "_timestamp": 1742471280.6225038, "_runtime": 806.0141167640686, "_step": 1, "inverse_zca_poster": {"_type": "image-file", "sha256": "50025fed189507926ffee98d0e4a2507ef7e2ec2d181ce6a5b82a2758c5ae6c0", "size": 17185, "path": "media/images/inverse_zca_poster_1_50025fed189507926ffe.png", "format": "png", "width": 153, "height": 60}, "distilled_poster": {"_type": "image-file", "sha256": "9e4990acc9a5b045d1962b289fcea5695bc64b18c2799db844bbc5acf18dd5a6", "size": 24811, "path": "media/images/distilled_poster_1_9e4990acc9a5b045d196.png", "format": "png", "width": 153, "height": 60}}