{"loss": 0.24335035234689711, "epoch": 5, "distill_steps": 300, "grad_norm": 0.004220569506287575, "train_acc": 39.1585, "train_acc_full": 39.1585, "test_acc": 39.378750000000004, "curr": 122, "_timestamp": 1741870043.5729418, "_runtime": 2033.130230665207, "_step": 5, "inverse_zca_poster": {"_type": "image-file", "sha256": "040e96add6f572473b53b0b8bb7f0d0ce4f7b4a860e55d58a3beeff37944e2e8", "size": 16472, "path": "media/images/inverse_zca_poster_5_040e96add6f572473b53.png", "format": "png", "width": 153, "height": 60}, "distilled_poster": {"_type": "image-file", "sha256": "fa1f49e486b55cfebabe240cea448532ae44d76b9578171905dda09b3c69de19", "size": 24302, "path": "media/images/distilled_poster_5_fa1f49e486b55cfebabe.png", "format": "png", "width": 153, "height": 60}, "_wandb": {"runtime": 2032}}