{"loss": 0.2828493624925613, "epoch": 1, "distill_steps": 100, "poster_version": 0, "grad_norm": 0.005840585101395845, "train_acc": 30.3865, "train_acc_full": 30.3865, "test_acc": 29.869999999999997, "curr": 91, "_timestamp": 1740387339.5138156, "_runtime": 717.8671915531158, "_step": 1, "inverse_zca_poster": {"_type": "image-file", "sha256": "abc9919dce85ff99c05502491594aade8ea866611010176cbb6a3c5893fa495c", "size": 16805, "path": "media/images/inverse_zca_poster_1_abc9919dce85ff99c055.png", "format": "png", "width": 153, "height": 60}, "distilled_poster": {"_type": "image-file", "sha256": "b3a66a1c4bc0ce94c7abea1c919f7a3e6fc97206a5b1ed44264be2abf345401e", "size": 25451, "path": "media/images/distilled_poster_1_b3a66a1c4bc0ce94c7ab.png", "format": "png", "width": 153, "height": 60}, "_wandb": {"runtime": 717}}