{"loss": 0.276914519071579, "epoch": 1, "distill_steps": 100, "grad_norm": 0.006051403004676104, "train_acc": 30.785250000000005, "train_acc_full": 30.785250000000005, "test_acc": 30.43625, "curr": 91, "_timestamp": 1742459076.3059738, "_runtime": 905.4055507183075, "_step": 1, "inverse_zca_poster": {"_type": "image-file", "sha256": "0262da53e3aa85a96c6b25a1340765c2539a78519f117fa3249092f8be6fc395", "size": 16947, "path": "media/images/inverse_zca_poster_1_0262da53e3aa85a96c6b.png", "format": "png", "width": 153, "height": 60}, "distilled_poster": {"_type": "image-file", "sha256": "a8f918780e07b469067921fded1beb98deefc81c89f4b17144084963a8415b6d", "size": 24894, "path": "media/images/distilled_poster_1_a8f918780e07b4690679.png", "format": "png", "width": 153, "height": 60}}