{"loss": 0.244483482837677, "epoch": 5, "distill_steps": 300, "grad_norm": 0.004803559277206659, "train_acc": 39.223749999999995, "train_acc_full": 39.223749999999995, "test_acc": 39.08875, "curr": 122, "_timestamp": 1741875796.1659286, "_runtime": 2053.8704357147217, "_step": 5, "inverse_zca_poster": {"_type": "image-file", "sha256": "488735562fa77851b1fbf21b52de1592054b095cb8632c56f7f4ce776c803521", "size": 16437, "path": "media/images/inverse_zca_poster_5_488735562fa77851b1fb.png", "format": "png", "width": 153, "height": 60}, "distilled_poster": {"_type": "image-file", "sha256": "9c2e00154d3615c367b862f718025b90edb82510d4cb6f707e3ebdc885c4a21c", "size": 24224, "path": "media/images/distilled_poster_5_9c2e00154d3615c367b8.png", "format": "png", "width": 153, "height": 60}, "_wandb": {"runtime": 2083}}