{"loss": 0.23217722922563552, "epoch": 9, "distill_steps": 500, "poster_version": 0, "grad_norm": 0.002978963777422905, "train_acc": 42.332499999999996, "train_acc_full": 42.332499999999996, "test_acc": 42.29, "curr": 114, "_timestamp": 1740391366.365558, "_runtime": 3455.4331679344177, "_step": 9, "inverse_zca_poster": {"_type": "image-file", "sha256": "8a29e27d70059587e981fa843622b3c249d4dd4f11b51a4bb4a56a2ec70301a5", "size": 15995, "path": "media/images/inverse_zca_poster_9_8a29e27d70059587e981.png", "format": "png", "width": 153, "height": 60}, "distilled_poster": {"_type": "image-file", "sha256": "5551f8bd6961002c9ccb94660efb12da8c7cfb3d544fbca11710c0bae00f0a85", "size": 24375, "path": "media/images/distilled_poster_9_5551f8bd6961002c9ccb.png", "format": "png", "width": 153, "height": 60}, "_wandb": {"runtime": 3454}}