{"loss": 0.23405752927064896, "epoch": 9, "distill_steps": 500, "poster_version": 0, "grad_norm": 0.0036189667880535126, "train_acc": 41.4685, "train_acc_full": 41.4685, "test_acc": 41.58875, "curr": 114, "_timestamp": 1740374237.6448665, "_runtime": 3590.9439165592194, "_step": 9, "inverse_zca_poster": {"_type": "image-file", "sha256": "2aa24e0ae51df6c115c79f1292f329e7310acc2ccfe82659fc89f4c4d1127c93", "size": 16169, "path": "media/images/inverse_zca_poster_9_2aa24e0ae51df6c115c7.png", "format": "png", "width": 153, "height": 60}, "distilled_poster": {"_type": "image-file", "sha256": "1bf01bdad08a696c7f885d9414dd3ebf69eef10addaf642a911ba9687fc7b4e0", "size": 24241, "path": "media/images/distilled_poster_9_1bf01bdad08a696c7f88.png", "format": "png", "width": 153, "height": 60}, "_wandb": {"runtime": 3590}}