{"loss": 0.288491815328598, "epoch": 1, "distill_steps": 100, "poster_version": 0, "grad_norm": 0.005446922034025192, "train_acc": 29.691250000000004, "train_acc_full": 29.691250000000004, "test_acc": 29.443749999999998, "curr": 91, "_timestamp": 1740386206.2445126, "_runtime": 730.3731336593628, "_step": 1, "inverse_zca_poster": {"_type": "image-file", "sha256": "5cfc56dc29b6fe07d68b5f836a780c3f4be8946c4525b6a8052982dc0707827d", "size": 16580, "path": "media/images/inverse_zca_poster_1_5cfc56dc29b6fe07d68b.png", "format": "png", "width": 153, "height": 60}, "distilled_poster": {"_type": "image-file", "sha256": "5148aac10ef68f4c13fc98974d0351e834e43a78fa8dfb5d3d2cb1d629e8d0d8", "size": 25318, "path": "media/images/distilled_poster_1_5148aac10ef68f4c13fc.png", "format": "png", "width": 153, "height": 60}, "_wandb": {"runtime": 729}}