{"loss": 0.21884870529174805, "epoch": 5, "distill_steps": 600, "grad_norm": 0.0017180227441713214, "train_acc": 43.774750000000004, "train_acc_full": 43.774750000000004, "test_acc": 44.11874999999999, "curr": 140, "_timestamp": 1742465292.6546373, "_runtime": 5374.485359430313, "_step": 11, "inverse_zca_poster": {"_type": "image-file", "sha256": "276a0da6da4883fda50666d26c95e34563e5722b8896084ce4b3f32fa425eeb6", "size": 16120, "path": "media/images/inverse_zca_poster_11_276a0da6da4883fda506.png", "format": "png", "width": 153, "height": 60}, "distilled_poster": {"_type": "image-file", "sha256": "266651889d0910808ed271fe2c49372d321cea896c52de023d814e601c39505e", "size": 23764, "path": "media/images/distilled_poster_11_266651889d0910808ed2.png", "format": "png", "width": 153, "height": 60}, "_wandb": {"runtime": 5763}}