{"loss": 0.18871067613363265, "epoch": 5, "distill_steps": 1500, "grad_norm": 0.0030041723512113094, "train_acc": 53.207, "train_acc_full": 53.207, "test_acc": 53.616249999999994, "curr": 25, "_timestamp": 1742483201.5501504, "_runtime": 11487.011029481888, "_step": 29, "inverse_zca_poster": {"_type": "image-file", "sha256": "1d97663c0665cacf525c871e45a967f2a2f57dd0c07ed38a7495865a502e8691", "size": 17216, "path": "media/images/inverse_zca_poster_29_1d97663c0665cacf525c.png", "format": "png", "width": 153, "height": 60}, "distilled_poster": {"_type": "image-file", "sha256": "70773e01d56dae1626fb52275172104044af3a9947ef9ce535eaf83ce2d10ae4", "size": 22181, "path": "media/images/distilled_poster_29_70773e01d56dae1626fb.png", "format": "png", "width": 153, "height": 60}, "_wandb": {"runtime": 11486}}