{"loss": 0.1848219856619835, "epoch": 5, "distill_steps": 1500, "grad_norm": 0.0031342660076916218, "train_acc": 52.963249999999995, "train_acc_full": 52.963249999999995, "test_acc": 52.8475, "curr": 25, "_timestamp": 1742559184.543739, "_runtime": 11580.385568141937, "_step": 29, "inverse_zca_poster": {"_type": "image-file", "sha256": "6a453866141f68dfbf6f96622cf40007872918c818ee23182a0653ebc02b5fcc", "size": 17074, "path": "media/images/inverse_zca_poster_29_6a453866141f68dfbf6f.png", "format": "png", "width": 153, "height": 60}, "distilled_poster": {"_type": "image-file", "sha256": "c62a8a418fe314076d414549075585226a67c704fc0e5f403e40d51607782909", "size": 21783, "path": "media/images/distilled_poster_29_c62a8a418fe314076d41.png", "format": "png", "width": 153, "height": 60}, "_wandb": {"runtime": 11900}}