{"loss": 0.5718308985233307, "epoch": 7, "distill_steps": 400, "poster_version": 1, "grad_norm": NaN, "train_acc": 10.34325, "train_acc_full": 10.34325, "test_acc": 10.47875, "curr": 126, "_timestamp": 1740384289.957854, "_runtime": 2788.9038491249084, "_step": 7, "inverse_zca_poster": {"_type": "image-file", "sha256": "3393511b69aa82f0aa99e1caa3c1fbac566cd90974f8d12d4b49f6ab93adff5f", "size": 22079, "path": "media/images/inverse_zca_poster_7_3393511b69aa82f0aa99.png", "format": "png", "width": 153, "height": 60}, "distilled_poster": {"_type": "image-file", "sha256": "88cccd660cd6fb600d853a058c4654419cdc4d28b3824307b72608b0bc9d8600", "size": 25714, "path": "media/images/distilled_poster_7_88cccd660cd6fb600d85.png", "format": "png", "width": 153, "height": 60}}