{"loss": 0.18850554823875426, "epoch": 5, "distill_steps": 1500, "grad_norm": 0.00456135394051671, "train_acc": 53.01100000000001, "train_acc_full": 53.01100000000001, "test_acc": 53.206250000000004, "curr": 25, "_timestamp": 1742505846.3578851, "_runtime": 10639.426546096802, "_step": 29, "inverse_zca_poster": {"_type": "image-file", "sha256": "eb8843cc1e24f33c84f9852bd16fffe830d5b9f47c01300aebc0ca723ab0578d", "size": 17091, "path": "media/images/inverse_zca_poster_29_eb8843cc1e24f33c84f9.png", "format": "png", "width": 153, "height": 60}, "distilled_poster": {"_type": "image-file", "sha256": "04a9ee2aedc6147cd7a196dce975a3a194e34b53862f3896be0b2c9a6a6b65b3", "size": 22168, "path": "media/images/distilled_poster_29_04a9ee2aedc6147cd7a1.png", "format": "png", "width": 153, "height": 60}, "_wandb": {"runtime": 10638}}