{"loss": 0.24697021245956421, "epoch": 5, "distill_steps": 300, "grad_norm": 0.003142709843814373, "train_acc": 38.203, "train_acc_full": 38.203, "test_acc": 38.11125, "curr": 122, "_timestamp": 1742453256.5145366, "_runtime": 2727.4389576911926, "_step": 5, "inverse_zca_poster": {"_type": "image-file", "sha256": "f1a1ad3674931a0f7a81ac696ca490f7a70c8f0bbf5cd09dd9e2cd1997173ec4", "size": 16102, "path": "media/images/inverse_zca_poster_5_f1a1ad3674931a0f7a81.png", "format": "png", "width": 153, "height": 60}, "distilled_poster": {"_type": "image-file", "sha256": "ccc46d08b704df223c413cd92f5aece7722b0cf25ab664a3eaaecaa260e324a3", "size": 24683, "path": "media/images/distilled_poster_5_ccc46d08b704df223c41.png", "format": "png", "width": 153, "height": 60}, "_wandb": {"runtime": 2726}}